TestcaseNumber,TestcaseCount,TestcaseRatio,StatementCount,StatementRatio,BranchCount,BranchRatio,FaultCount,FaultRatio
240,1,0.270270,597,40.918437,527,43.517754,1,0.166667
162,2,0.540541,820,56.202879,716,59.124690,1,0.166667
329,3,0.810811,856,58.670322,738,60.941371,2,0.333333
222,4,1.081081,877,60.109664,752,62.097440,2,0.333333
342,5,1.351351,909,62.302947,776,64.079273,2,0.333333
263,6,1.621622,917,62.851268,780,64.409579,2,0.333333
83,7,1.891892,931,63.810829,782,64.574732,2,0.333333
255,8,2.162162,931,63.810829,782,64.574732,2,0.333333
132,9,2.432432,941,64.496230,784,64.739884,2,0.333333
274,10,2.702703,948,64.976011,792,65.400495,3,0.500000
370,11,2.972973,948,64.976011,792,65.400495,3,0.500000
71,12,3.243243,953,65.318711,794,65.565648,3,0.500000
351,13,3.513514,977,66.963674,816,67.382329,3,0.500000
122,14,3.783784,979,67.100754,818,67.547481,3,0.500000
230,15,4.054054,979,67.100754,818,67.547481,3,0.500000
204,16,4.324324,980,67.169294,818,67.547481,3,0.500000
264,17,4.594595,980,67.169294,818,67.547481,3,0.500000
316,18,4.864865,984,67.443454,822,67.877787,3,0.500000
73,19,5.135135,984,67.443454,822,67.877787,3,0.500000
332,20,5.405405,990,67.854695,832,68.703551,4,0.666667
26,21,5.675676,1025,70.253598,856,70.685384,5,0.833333
345,22,5.945946,1028,70.459219,860,71.015690,5,0.833333
308,23,6.216216,1039,71.213160,868,71.676301,5,0.833333
85,24,6.486486,1039,71.213160,868,71.676301,5,0.833333
142,25,6.756757,1040,71.281700,870,71.841453,5,0.833333
238,26,7.027027,1040,71.281700,870,71.841453,5,0.833333
185,27,7.297297,1041,71.350240,872,72.006606,5,0.833333
173,28,7.567568,1041,71.350240,872,72.006606,5,0.833333
361,29,7.837838,1126,77.176148,966,79.768786,5,0.833333
330,30,8.108108,1126,77.176148,966,79.768786,5,0.833333
123,31,8.378378,1126,77.176148,966,79.768786,5,0.833333
248,32,8.648649,1143,78.341330,966,79.768786,5,0.833333
27,33,8.918919,1149,78.752570,968,79.933939,5,0.833333
187,34,9.189189,1149,78.752570,968,79.933939,5,0.833333
62,35,9.459459,1149,78.752570,968,79.933939,5,0.833333
